qid,name
Q157463,"1. FC Saarbrücken"
Q2176062,"A.C. Bellaria Igea Marina"
Q3625800,"A.C. Cantù G.S. San Paolo"
Q610621,"A.C. Carpi"
Q3625870,"A.C. Crema 1908"
Q609554,"A.C. Cuneo 1905 Olmo"
Q289186,"A.C. Fanfulla 1874"
Q430931,"A.C. Juvenes/Dogana"
Q289289,"A.C. Legnano"
Q3626071,"A.C. Meda 1913"
Q3305152,"A.C. Palazzolo 1913"
Q16344,"A.C. Perugia Calcio"
Q289656,"A.C. Prato"
Q289707,"A.C. Reggiana 1919"
Q289668,"A.C. Renate"
Q581713,"A.C. Rodengo Saiano"
Q3470711,"A.C. Sambonifacese"
Q2556933,"A.C.S.D. Saluzzo"
Q4647113,"A.D. Voluntas Calcio Spoleto"
Q3626796,"A.S. Bisceglie Calcio 1913"
Q3626798,"A.S. Fasano"
Q4647373,"A.S. Fortis Spoleto F.C."
Q3626885,"A.S. Lodigiani"
Q2314607,"A.S. Martina Franca 1947"
Q19523,"A.S. Nancy-Lorraine"
Q3391273,"A.S. Ostia Mare 1945"
Q298392,"A.S. Pescina Valle del Giovenco"
Q2755428,"A.S. Pizzighettone"
Q3626807,"A.S. Real Cesenatico"
Q2095185,"A.S.D. Barletta 1922"
Q2891756,"A.S.D. Battipagliese"
Q297416,"A.S.D. Biellese 1902"
Q16836858,"A.S.D. Boca Ascesa Val Liona"
Q2456343,"A.S.D. Calcio Ivrea"
Q3626858,"A.S.D. Cascina Calcio"
Q1886341,"A.S.D. Casertana Calcio"
Q297431,"A.S.D. Castel di Sangro Calcio"
Q3893297,"A.S.D. Casteldebole Panigal 1919"
Q1451177,"A.S.D. Centese 1913"
Q3678801,"A.S.D. Civitavecchia 1920"
Q2818907,"A.S.D. Elpidiense Cascinare"
Q3627183,"A.S.D. G.C. Sora"
Q1130870,"A.S.D. Mestrina 1929"
Q4005153,"A.S.D. Nerostellati Frattese"
Q384592,"A.S.D. Ponziana"
Q3867441,"A.S.D. Real S.M. Hyria Nola 2012"
Q747976,"A.S.D. Riccione 1929"
Q3626877,"A.S.D. S.F. Gladiator"
Q289696,"A.S.D. SanGiovanniValdarno"
Q1899815,"A.S.D. Sanremese"
Q3626916,"A.S.D. Stuoie Baracca Lugo"
Q3626919,"A.S.D. Sulmona Calcio"
Q3758194,"A.S.D. Union ArzignanoChiampo"
Q16960063,"A.S.D. Vittorio Falmec San Martino Colle"
Q3660099,"A.S.D.C. Verbania"
Q289112,"AC Bellinzona"
Q6664,"AC Cesena"
Q2037,"AC ChievoVerona"
Q240783,"AC Omonia"
Q2819082,"AC Semassi F.C."
Q10383,"AD Alcorcón"
Q290781,"AD Almería"
Q290841,"AD Ceuta"
Q5773365,"AD Ceuta FC"
Q290860,"AD Fafe"
Q3756304,"AD San Juan"
Q291447,"AEK Larnaca F.C."
Q412433,"AFC Ajax Vrouwen"
Q18505,"AFC Telford United"
Q48851,"AFC Wimbledon"
Q292618,"AGOVV Apeldoorn"
Q221602,"AIK Fotboll"
Q298267,"AS Cannes"
Q8476,"AS Reggina 1914"
Q2868069,"AS Troyes"
Q732251,"ASD Derthona FBC 1908"
Q3747548,"ASD FBC Saronno 1910"
Q1082273,"ASD Soccer Trani"
Q852266,"ASEC Mimosas"
Q2697893,"ASIL Lysi"
Q16836329,"ATK (football club)"
Q214992,"Aalesunds FK"
Q301431,"Aarhus Gymnastikforening"
Q2488516,"Abercorn F.C."
Q2045510,"Aberdare Athletic F.C."
Q187326,"Aberdeen F.C."
Q319756,"Aberystwyth Town F.C."
Q48843,"Accrington Stanley F.C."
Q352251,"Adana Demirspor"
Q4681178,"Addington F.C."
Q4681699,"Adelaide Comets"
Q698702,"Admira Wacker"
Q1345161,"Airdrieonians F.C."
Q408554,"Airdrieonians F.C."
Q287851,"Akademisk Boldklub"
Q417685,"Akhisar Belediyespor"
Q44441,"Al Ahli FC"
Q284452,"Al Ahli SC"
Q812720,"Al Ain FC"
Q60318566,"Al Bidaa SC"
Q309480,"Al Ittihad FC"
Q429630,"Al Jazira Club"
Q286490,"Al Masry SC"
Q2073915,"Al Mokawloon Al Arab SC"
Q286191,"Al Qadsiah FC"
Q283545,"Al Sadd Sports Club"
Q520066,"Al Wasl FC"
Q283760,"Al-Arabi SC"
Q1056948,"Al-Duhail SC"
Q72844,"Al-Ettifaq FC"
Q20081435,"Al-Feiha FC"
Q428211,"Al-Gharafa SC"
Q283981,"Al-Khor Sports Club"
Q482764,Al-Nassr
Q722534,"Al-Orobah F.C."
Q2986998,"Al-Raed FC"
Q311268,Al-Rayyan
Q812719,"Al-Sailiya Sports Club"
Q2636005,"Al-Shabab Football Club"
Q4703218,"Al-Shahaniya Sports Club"
Q812760,"Al-Shamal Sports Club"
Q283767,"Al-Wahda S.C.C."
Q284281,"Al-Wakrah Sports Club"
Q576285,"Albacete Balompié"
Q4708966,"Albacete Balompié B"
Q3607939,"Albenga 1928"
Q2798024,"Albert Rovers F.C."
Q656134,"Albion Rovers F.C."
Q2300305,"Aldershot F.C."
Q48862,"Aldershot Town F.C."
Q18506,"Alfreton Town F.C."
Q527487,"Alicante CF"
Q10750304,"Alicante CF B"
Q1377801,"Alloa Athletic F.C."
Q1052316,"Alma Juventus Fano 1906"
Q18660,"Altrincham F.C."
Q4737928,"Alvechurch F.C."
Q866884,"Amiens SC"
Q4747150,"Ammanford A.F.C."
Q697509,"Amurrio Club"
Q338285,"América Futebol Clube"
Q4754611,"Andover F.C."
Q141688,"Anorthosis Famagusta FC"
Q43710,Antalyaspor
Q1967477,Antiguoko
Q130493288,"Arabian Falcons FC"
Q539374,"Arbroath F.C."
Q4785164,"Arcadia Shepherds F.C."
Q2007987,"Ards F.C."
Q130577307,"Arenas de Alcabre SCD"
Q698403,"Arosa SC"
Q4384231,"Arsenal F.C. Under-21s and Academy"
Q16539606,Arta/Solar7
Q2978638,"Arthurlie F.C."
Q578491,"Asante Kotoko F.C."
Q6630,"Ascoli Calcio 1898 FC"
Q4805012,"Ashford United F.C."
Q2047845,"Ashington A.F.C."
Q18283,"Ashton United F.C."
Q3625739,"Associazione Calcio Audace"
Q3625866,"Associazione Calcio Codogno 1908"
Q2868210,"Associazione Calcio Crevalcore"
Q3625876,"Associazione Calcio Dilettantistica Molfetta Sportiva"
Q3625977,"Associazione Calcio Fucecchio"
Q3626069,"Associazione Calcio Massiminiana"
Q2311455,"Associazione Calcio Sampierdarenese"
Q3626520,"Associazione Calcistica Dilettantistica Rapallo Ruentes 1914"
Q1833715,"Associazione Milanese del Calcio"
Q6673,"Associazione Sportiva Cittadella"
Q3626838,"Associazione Sportiva Città di Bagheria"
Q3626841,"Associazione Sportiva Dilettantistica Abbiategrasso"
Q4005042,"Associazione Sportiva Dilettantistica Cairese"
Q3626886,"Associazione Sportiva Dilettantistica Liberty Bari 1909"
Q3626923,"Associazione Sportiva Dilettantistica Ventimiglia Calcio"
Q3627010,"Associazione Sportiva Portuense"
Q39052565,"Associazione Sportiva Siracusa"
Q3627222,"Associazione Sportiva Urbino"
Q2735045,"Associação Desportiva Ferroviária"
Q290940,"Associação Desportiva São Caetano"
Q3625740,"Asti Calcio Football Club S.r.l."
Q1023522,"Asturias F.C."
Q4813581,"Atherstone Town F.C."
Q794970,"Athletic Bilbao B"
Q275626,"Athlitiki Enosi Larissa F.C."
Q2358722,"Atlanta Chiefs"
Q433529,"Atletico Roma F.C."
Q757404,"Atlántida Sport Club"
Q3392414,"Atlético Arteixo"
Q757418,"Atlético Bucaramanga"
Q757425,"Atlético Celaya"
Q32538,"Atlético Levante UD"
Q780539,"Atlético Madrid B"
Q780509,"Atlético Malagueño"
Q2869516,"Atlético Rio Negro Clube"
Q1966527,"Atlético Saguntino"
Q1956993,"Atlético Sanluqueño CF"
Q757467,"Atlético Tetuán"
Q4816984,"Atlético de Madrid Femenino"
Q630544,"Auckland City FC"
Q758689,"Audax Italiano"
Q767498,"Augustinians FC"
Q777337,"Aurora Pro Patria 1919"
Q791128,"Aviron Bayonnais FC"
Q602436,"Ayacucho FC"
Q4831369,"Aylesbury United F.C."
Q4831626,"Ayr F.C."
Q4831631,"Ayr Parkhouse F.C."
Q793241,"Ayr United F.C."
Q795709,"BC Aichach"
Q464085,"BSV 07 Schwenningen"
Q4840102,"Bacup Borough F.C."
Q3195941,"Baghdad FC"
Q3624865,"Baldock Town F.C."
Q4850803,"Balgownie Rangers FC"
Q805429,"Ballymena United F.C."
Q264129,"Bangor City F.C."
Q806549,"Bangor F.C."
Q1344302,"Baniyas SC"
Q790195,"Barakaldo CF"
Q4859851,"Barcelona Esporte Clube"
Q4861033,"Barking F.C."
Q9408,"Barnet F.C."
Q19442,"Barnsley F.C."
Q3293573,"Barranquilla F.C."
Q18507,"Barrow A.F.C."
Q809114,"Barry Town F.C."
Q4867319,"Basildon United F.C."
Q2551669,"Basingstoke Town F.C."
Q2312334,"Bassano Virtus 55 S.T."
Q368500,"Bath City F.C."
Q2310167,"Bathgate F.C."
Q16536906,"Bayer 04 Leverkusen II"
Q4878651,"Beckenham Town F.C."
Q1909532,"Bedford Town F.C."
Q4879300,"Bedlington Terriers F.C."
Q4879309,"Bedminster F.C."
Q4879475,"Bedworth United F.C."
Q646079,"Beerschot A.C."
Q814738,"Beijing Guoan F.C."
Q573637,"Beijing Sport University F.C."
Q223727,"Beitar Jerusalem F.C."
Q312363,"Belfast Celtic F.C."
Q18467,"Belper Town F.C."
Q652516,"Benevento Calcio"
Q2423014,"Benidorm CF"
Q956520,"Bermeo FT"
Q674903,"Bermuda Hogges"
Q518259,"Berwick Rangers F.C."
Q24264243,"Bhayangkara F.C."
Q857048,"Bidvest Wits F.C."
Q4086727,"Billericay Town F.C."
Q19444,"Birmingham City F.C."
Q2965005,"Birmingham St George's F.C."
Q4917491,"Bishop Auckland F.C."
Q2662902,"Bishop's Stortford F.C."
Q880772,"Blackburn Olympic F.C."
Q19446,"Blackburn Rovers F.C."
Q16836839,"Blackhall Colliery Welfare F.C."
Q19449,"Blackpool F.C."
Q4925235,"Blantyre Victoria F.C."
Q18284,"Blyth Spartans A.F.C."
Q219703,"Boavista F.C."
Q212708,"Bohemian F.C."
Q3641627,"Bohemian Sporting Club"
Q797322,"Boldklubben 1903"
Q780735,"Boldklubben Frem"
Q16823761,"Bolsover Colliery F.C."
Q19451,"Bolton Wanderers F.C."
Q123344580,"Bong Range United"
Q4943968,"Bootle Athletic F.C."
Q1917556,"Bootle F.C."
Q3642591,"Borgosesia Calcio"
Q187502,"Boston Beacons"
Q4947789,"Boston Bulldogs"
Q3643019,"Boston Soccer Club"
Q4948147,"Boston Town F.C."
Q894605,"Boston United F.C."
Q1953914,"Brackley Town F.C."
Q896965,"Bradford (Park Avenue) A.F.C."
Q48879,"Bradford City A.F.C."
Q522566,"Brasiliense Futebol Clube"
Q902962,"Bray Wanderers A.F.C."
Q4961799,"Brentwood Town F.C."
Q6651,"Brescia Calcio"
Q1294346,"Bridge F.C."
Q839997,"Brisbane Roar FC"
Q19456,"Bristol City F.C."
Q48925,"Bristol Rovers F.C."
Q1584552,"Bromley F.C."
Q2583235,"Bromsgrove Rovers F.C."
Q1925823,"Broxburn United F.C."
Q995313,"Bryne FK"
Q211906,"Brøndby IF"
Q4983188,"Buckie Thistle F.C."
Q275612,"Budapest Honvéd FC"
Q4996746,"Bulleen Lions"
Q18503839,Bulli
Q4997141,"Bulova SA"
Q852079,"Burgos CF"
Q4998669,"Burgos CF"
Q852121,"Burjassot CF"
Q18310,"Burscough F.C."
Q48929,"Burton Albion F.C."
Q2453321,"Burton Swifts F.C."
Q1790836,"Burton Wanderers F.C."
Q19573,"Bury F.C."
Q3647488,"Bury Town F.C."
Q17512929,"Bush Hill Rangers F.C."
Q18286,"Buxton F.C."
Q431679,"C.C.D. Arturo Fernández Vial"
Q176099,"C.D. Fátima"
Q503321,"C.D. Guadalajara"
Q216459,"C.D. Nacional"
Q216503,"C.S. Marítimo"
Q5006215,"C.S. Marítimo B"
Q1024343,"C.S.D. Villa Española"
Q5008932,"CA Almería"
Q613222,"CA Marbella"
Q970474,"CA River Ebro"
Q837238,"CD Alcoyano"
Q15407842,"CD Ariznabarra"
Q855199,"CD Atlético Baleares"
Q856073,"CD Aurrerá de Vitoria"
Q727093,"CD Baskonia"
Q5010044,"CD Berceo"
Q5010045,"CD Betis San Isidro-Progreso"
Q1834397,"CD Calahorra"
Q743557,"CD Castellón"
Q2191759,"CD Ciempozuelos"
Q856083,"CD Condal"
Q5010072,"CD Egüés"
Q600232,"CD Eldense"
Q540047,"CD Elgoibar"
Q756934,"CD Ensidesa"
Q104869558,"CD Estepona FS"
Q1648756,"CD Getxo"
Q114352715,"CD Injerto"
Q2722081,"CD Izarra"
Q2638313,"CD La Muela"
Q5010092,"CD Laguna de Tenerife"
Q513225,"CD Laudio"
Q856119,"CD Leganés"
Q856107,"CD Linares"
Q657865,"CD Logroñés"
Q104841323,"CD Logroñés B"
Q2638194,"CD Manacor"
Q6747212,"CD Manchego C.Real"
Q5010099,"CD Margaritense"
Q2088196,"CD Mariño"
Q1965174,"CD Masnou"
Q25473624,"CD Mungia"
Q124518,"CD Málaga"
Q5010113,"CD Oberena"
Q3781538,"CD Onda"
Q431971,"CD Oro"
Q856137,"CD Ourense"
Q956779,"CD Pamplona"
Q856148,"CD Puertollano"
Q18588939,"CD Revilla"
Q5010127,"CD River Ega"
Q856140,"CD San Fernando"
Q519501,"CD Santurtzi"
Q5010136,"CD Sondika"
Q5010143,"CD Tenerife B"
Q2128712,"CD Teruel"
Q856179,"CD Toledo"
Q633564,"CD Tudelano"
Q5774165,"CD Utrera"
Q856024,"CE Europa"
Q856211,"CE Júpiter"
Q2696022,"CE Manresa"
Q3160759,"CE Mataró"
Q586629,"CE Premià"
Q5010926,"CF Ardoi FE"
Q856280,"CF Badalona"
Q732742,"CF Extremadura"
Q108708,"CF Fuenlabrada"
Q2633360,"CF Gandía"
Q2506877,"CF Gavà"
Q78345783,"CF Intercity"
Q18126658,"CF Lorca Deportiva"
Q736937,"CF Pachuca"
Q63107468,"CF Platges de Calvià"
Q2511257,"CF Rayo Majadahonda"
Q1387573,"CF Reus Deportiu"
Q205998,"CFR Cluj"
Q4891402,"CP Almería"
Q856415,"CP Cacereño"
Q856416,"CP Mérida"
Q5014111,"CR Vasco da Gama"
Q2932033,"CS Meaux"
Q1024397,"CSM Reșița"
Q950480,"Caernarfon Town F.C."
Q5016928,"Caerphilly F.C."
Q139399,"Calcio Foggia 1920"
Q944876,"Calcio Lecco 1912"
Q583361,"Calcio Montebelluna 1919"
Q8428,"Calcio Padova"
Q913041,"Calcio Portogruaro Summaga"
Q3650357,"Calcio Schio 1905"
Q5019424,"Caledonian F.C."
Q1568677,"Calgary Boomers"
Q176383,"California Surf"
Q5022904,"Callosa Deportiva Club de Fútbol"
Q3626854,"Camaiore Calcio A.S.D."
Q5025044,"Camberley Town F.C."
Q2526204,"Cambridge City F.C."
Q18509,"Cambridge United F.C."
Q18311,"Cammell Laird F.C."
Q5031252,"Canberra City FC"
Q7561031,"Cangzhou Mighty Lions F.C."
Q5033634,"Canterbury City F.C."
Q2029340,"Canvey Island F.C."
Q5035093,"Cape Town City F.C."
Q2400254,"Caravaca CF"
Q18662,"Cardiff City F.C."
Q2096167,"Cardiff Metropolitan University F.C."
Q19575,"Carlisle United F.C."
Q856468,"Carmarthen Town A.F.C."
Q650365,"Carrarese Calcio"
Q669553,"Castillo CF"
Q4696166,"Castro FC"
Q2941543,"Casuals F.C."
Q864963,"Caudal Deportivo"
Q1520422,"Cavese 1919"
Q1777557,"Cefn Druids A.F.C."
Q19593,"Celtic F.C."
Q3664706,"Centro Giovanile Virescit Boccaleone"
Q115621941,"Centro Histórico de Lebowski"
Q855809,"Cerezo Osaka"
Q472752,"Changchun Yatai F.C."
Q1066683,"Charleston Battery"
Q19462,"Charlton Athletic F.C."
Q5087699,"Chatham Town F.C."
Q2305609,"Chelmsford City F.C."
Q48932,"Cheltenham Town F.C."
Q1069960,"Chengdu Tiancheng F.C."
Q17594408,"Chennaiyin FC"
Q5092593,"Chertsey Town F.C."
Q5092930,"Chesham United F.C."
Q5093235,"Cheshunt F.C."
Q1070732,"Chester City F.C."
Q2041933,"Chester F.C."
Q48935,"Chesterfield F.C."
Q1133759,"Chicago Mustangs"
Q16201272,"Chicago Spurs"
Q670603,"Chicago Sting"
Q1100462,"Chirk AAA F.C."
Q18287,"Chorley F.C."
Q847352,"Christchurch United"
Q602482,Cienciano
Q5120452,"Cinderford Town A.F.C."
Q1195376,"Ciudad de Murcia"
Q3678796,"Civitanovese Calcio"
Q5124894,"Clackmannan F.C."
Q5125914,"Clapton F.C."
Q2699446,"Clausenengen FK"
Q5132136,"Cleveland Force"
Q1134121,"Cleveland Stokers"
Q779835,"Cliftonville F.C."
Q1102935,"Club Almagro"
Q459090,"Club América"
Q506832,"Club Athletico Paranaense"
Q971490,"Club Atlético Aldosivi"
Q5136249,"Club Atlético Ferrocarril Midland"
Q980573,"Club Atlético River Plate"
Q1052781,"Club Celaya"
Q853043,"Club Deportivo Badajoz"
Q249633,"Club Deportivo El Nacional"
Q24185033,"Club Deportivo Euzkadi"
Q11955,"Club Deportivo Guadalajara"
Q11984,"Club Deportivo Lugo"
Q12158,"Club Deportivo Numancia de Soria"
Q5136272,"Club Jalisco"
Q633223,"Club León"
Q2421781,"Club Marino de Luanco"
Q604589,"Club Olimpia"
Q868039,"Club Portugalete"
Q1839745,"Club San Ignacio"
Q207373,"Club Social y Deportivo Colo Colo"
Q3681576,"Club Sportivo Palermo"
Q682393,"Club de Fútbol Oaxtepec"
Q4072168,"Clube Atlético Sorocaba"
Q777267,"Clube de Regatas Guará"
Q17479,"Clube de Regatas do Flamengo"
Q1059415,"Clyde F.C."
Q955789,"Clydebank F.C."
Q1104682,"Cobh Ramblers F.C."
Q643338,Cobreloa
Q642669,Cobresal
Q5141516,"Coimbra Esporte Clube"
Q5142115,"Colchester Town F.C."
Q19578,"Colchester United F.C."
Q1108181,"Coleraine F.C."
Q9195223,"Colne Dynamoes F.C."
Q5147771,"Colne F.C."
Q2225911,"Colorado Caribous"
Q2479641,"Colwyn Bay F.C."
Q11691394,"Concordia Knurów"
Q3686494,"Conegliano Calcio"
Q5160479,"Congleton Town F.C."
Q2801245,"Conwy Borough F.C."
Q2407595,"Coquimbo Unido"
Q4232689,"Corby Town F.C."
Q936485,"Coria CF"
Q1971221,"Corinthian Casuals F.C."
Q1132931,"Corinthian F.C."
Q4896658,"Cork Athletic F.C."
Q4645182,"Cork Bohemians F.C."
Q2254157,"Cork Celtic F.C."
Q932284,"Cork City F.C."
Q659110,"Cork Hibernians F.C."
Q5131588,"Cork United F.C."
Q1500900,"Correcaminos UAT"
Q1136016,"Cosenza Calcio"
Q5775768,"Cosenza Calcio 1914"
Q5176608,"Coundon TT F.C."
Q19580,"Coventry City F.C."
Q610447,"Cowdenbeath F.C."
Q19584,"Crawley Town F.C."
Q19587,"Crewe Alexandra F.C."
Q5187774,"Crook Town A.F.C."
Q5189655,"Croydon Common F.C."
Q5189667,"Croydon F.C."
Q840567,"Crusaders F.C."
Q5202316,"Cádiz CF B"
Q460448,"Cádiz Club de Fútbol"
Q10499,"Córdoba CF"
Q5204359,"DAV Santa Ana"
Q876583,"DSV Leoben"
Q48938,"Dagenham & Redbridge F.C."
Q5208484,"Dagenham F.C."
Q1157920,"Dalian Professional F.C."
Q1061615,"Dalian Shide F.C."
Q9202604,"Dallas Sidekicks"
Q1158012,"Dallas Tornado"
Q24886174,"Danok Bat CF"
Q5223825,"Darlaston Town F.C."
Q909189,"Darlington F.C."
Q5223999,"Darlington Railway Athletic F.C."
Q18510,"Dartford F.C."
Q14624027,"Darwen F.C."
Q1387030,"Darwen F.C."
Q844238,"Defensor Sporting Club"
Q1140767,"Degerfors IF"
Q2710,"Delfino Pescara 1936"
Q5256553,"Denaby United F.C."
Q643107,Denizlispor
Q2742992,"Deportes Temuco"
Q5260721,"Deportivo Alavés B"
Q8469868,"Deportivo Alavés C"
Q741695,"Deportivo Aragón"
Q130577113,"Deportivo Coia"
Q628860,"Deportivo La Guaira F.C."
Q1023199,"Deportivo Maldonado"
Q332858,"Deportivo Pasto"
Q8760,"Deportivo de La Coruña"
Q19470,"Derby County F.C."
Q459622,"Derry City F.C."
Q583671,"Detroit Cougars"
Q1133753,"Detroit Express"
Q5266007,"Detroit Safari"
Q657883,"Diambars FC"
Q503317,"Dijon FCO"
Q767400,"Diósgyőri VTK"
Q2412739,"Dolphin F.C."
Q19589,"Doncaster Rovers F.C."
Q3714092,"Dopolavoro Cirio"
Q1243720,"Dorados de Sinaloa"
Q2975925,"Dorchester Town F.C."
Q2658370,"Dover Athletic F.C."
Q5302484,"Dover F.C."
Q761498,"Drogheda United F.C."
Q661543,"Droylsden F.C."
Q288791,"Drumcondra F.C."
Q5313546,"Dulwich Hamlet F.C."
Q1059399,"Dumbarton F.C."
Q5313688,"Dumbarton Harp F.C."
Q338557,"Dundalk F.C."
Q335483,"Dundee F.C."
Q5314828,"Dundee North End F.C."
Q5314829,"Dundee Our Boys F.C."
Q192873,"Dundee United F.C."
Q16834035,"Dundee Violet F.C."
Q390256,"Dunfermline Athletic F.C."
Q5315710,"Dunstable Town F.C."
Q5316279,"Durban City F.C."
Q5316298,"Durban United F.C."
Q2340967,"Durham City A.F.C."
Q274465,"E.C. Vitória"
Q786430,"EC Granollers"
Q1059430,"East Fife F.C."
Q1387066,"East Stirlingshire F.C."
Q1278130,"Eastern FC"
Q3046573,"Eastern Suburbs AFC"
Q18511,"Ebbsfleet United F.C."
Q1284412,"Edgware Town F.C."
Q1309487,"Eintracht Gelsenkirchen"
Q11966933,"Ekholt BK"
Q429546,"El Jaish SC"
Q2610181,"El-Entag El-Harby"
Q368016,"Elche CF Ilicitano"
Q1328766,"Elgin City F.C."
Q5365253,"Ellesmere Port Town F.C."
Q600641,"Elverum Fotball"
Q1191998,"Emirates Club"
Q4118587,"Enfield 1893 F.C."
Q19654407,"Enfield F.C."
Q5212656,"Enfield Town F.C."
Q959341,"Enosis Neon Paralimni FC"
Q332636,"Envigado Fútbol Club"
Q748445,"Eskişehirspor"
Q198032,"Esporte Clube Bahia"
Q910453,"Esporte Clube Juventude"
Q1274296,"Esporte Clube Santo André"
Q333838,"Evian Thonon Gaillard F.C."
Q48939,"Exeter City F.C."
Q994224,"Extremadura UD"
Q3032016,"F.A.S. Naoussa"
Q2247329,"F.B. Brindisi 1912"
Q1386850,"F.C. Alverca"
Q1153687,"F.C. AlzanoCene 1909"
Q1386869,"F.C. Arouca"
Q1138191,"F.C. Ashdod"
Q1057306,"F.C. Bolzano 1996"
Q628763,"F.C. Bunyodkor"
Q5423680,"F.C. Clacton"
Q188430,"F.C. Copenhagen"
Q6690,"F.C. Crotone"
Q3747643,"F.C. Ebedei"
Q371136,"F.C. Paços de Ferreira"
Q1387471,"F.C. Penafiel"
Q8455,"F.C. Pro Vercelli 1892"
Q1387710,"F.C. Südtirol"
Q2114224,"F.C. Trapani 1905"
Q18389779,"F.C. Union Pro Mogliano-Preganziol A.S.D."
Q3747642,"F.C.D. Dolo 1909"
Q2249141,"F.C.D. Pro Vasto"
Q219929,"F.K. Željezničar Sarajevo"
Q1088962,"F.S. Sestrese Calcio 1919"
Q137499,"FC 08 Homburg"
Q603271,"FC Aarau"
Q240444,"FC Akhmat Grozny"
Q194170,"FC Aktobe"
Q590144,"FC Antibes"
Q19353,"FC Anzhi Makhachkala"
Q191101,"FC BATE Borisov"
Q10467,"FC Barcelona Atlètic"
Q2346842,"FC Barcelona C"
Q966296,"FC Caracal"
Q611653,"FC Cartagena"
Q668573,"FC Chiasso"
Q875169,"FC Den Bosch"
Q204237,"FC Dinamo Bucharest"
Q17497,"FC Dinamo Moscow"
Q281861,"FC Dinamo-Juni Minsk"
Q1045811,"FC Dordrecht"
Q2383416,"FC Drobeta-Turnu Severin"
Q42412,"FC Emmenbrücke"
Q16839398,"FC Goa"
Q24711,"FC Groningen"
Q508322,"FC Gueugnon"
Q15809115,"FC Gütersloh"
Q694464,"FC Gütersloh 2000"
Q5214935,"FC Halifax Town"
Q2340450,"FC Hebros"
Q170117,"FC Ingolstadt 04"
Q11624718,"FC Isloch Minsk Raion"
Q797530,"FC Istres"
Q740568,"FC Kaisar"
Q29103,"FC Kuban Krasnodar"
Q383196,"FC Kärnten"
Q477073,"FC Leon Saturn"
Q1387293,"FC Liefering"
Q29115,"FC Lokomotiv Moscow"
Q605756,"FC Lokomotivi Tbilisi"
Q223262,"FC Luzern"
Q1082290,"FC Matera"
Q671173,"FC Mendrisio"
Q388972,"FC Metalurh Donetsk"
Q618520,"FC Midtjylland"
Q3652505,"FC Mretebi Tbilisi"
Q640726,"FC Mulhouse"
Q210025,"FC Nordsjælland"
Q659924,"FC Olt Scornicești"
Q5423714,"FC Porto B"
Q1195647,"FC Progresul București"
Q16967914,"FC Pune City"
Q244317,"FC Pyunik"
Q681483,"FC Rapperswil-Jona"
Q994811,"FC Red Bull Salzburg"
Q170107,"FC Rot-Weiß Erfurt"
Q107630644,"FC Rustavi"
Q161074,"FC Sachsen Leipzig"
Q1071313,"FC Samtredia"
Q221766,"FC Santa Coloma"
Q3736767,"FC Schalke 04 II"
Q172969,"FC Shakhtar Donetsk"
Q221671,"FC Slovan Liberec"
Q19512,"FC Sochaux-Montbéliard"
Q459218,"FC Spartak Trnava"
Q697473,"FC Swarovski Tirol"
Q2387559,"FC Tirol Innsbruck"
Q856619,"FC Tokyo"
Q19603,"FC Twente"
Q584629,"FC U Craiova 1948"
Q693909,"FC VSS Košice"
Q738060,"FC Volendam"
Q187091,"FC Wil 1900"
Q201969,"FC Winterthur"
Q664127,"FC Zlaté Moravce"
Q39183,"FC Zlín"
Q16839107,"FCD Conegliano Calcio 1907"
Q179658,FCSB
Q223264,"FK AS Trenčín"
Q651198,"FK BSK Borča"
Q2123289,"FK Bor"
Q754310,"FK Borac Čačak"
Q219264,"FK Budućnost Podgorica"
Q612017,"FK Chmel Blšany"
Q173009,"FK Crvena zvezda"
Q162467,"FK Drnovice"
Q239018,"FK Hajduk Kula"
Q188656,"FK Partizan"
Q700053,"FK Pirmasens"
Q5426338,"FK Polimlje"
Q208574,"FK Rabotnički"
Q757098,"FK Rad"
Q94605,"FK Spartak Subotica"
Q2505672,"FK Srem"
Q3443542,"FK Sutjeska Foča"
Q431139,"FK Sutjeska Nikšić"
Q757104,"FK Sūduva"
Q220928,"FK Ústí nad Labem"
Q213161,"FK Čukarički"
Q566165,"FSV Optik Rathenow"
Q2205503,"FSV Velten"
Q1389913,"FV Bad Honnef"
Q896006,"FVgg Kastel 06"
Q5428190,"Fabril Esporte Clube"
Q219241,"Falkirk F.C."
Q279311,"Fall River F.C."
Q2978308,"Farnborough F.C."
Q6601875,"Fenerbahçe Istanbul"
Q134241,"Feyenoord Rotterdam"
Q218334,"Figueirense Futebol Clube"
Q1352136,"Finn Harps F.C."
Q686826,"First Vienna FC"
Q5212771,"Fleet Town F.C."
Q48941,"Fleetwood Town F.C."
Q3073748,"Flint Town United F.C."
Q5460514,"Floreat Athena"
Q1435421,"Foligno Calcio"
Q5464521,"Folkestone F.C."
Q862851,"Foolad F.C."
Q3747545,"Foot-Ball Club Internazionale-Naples"
Q2868213,"Football Club Atletico Montichiari"
Q3076526,"Football Club Pastore"
Q3747792,"Football Club Rhodense"
Q5466584,"Footscray JUST"
Q18512,"Forest Green Rovers F.C."
Q589563,"Forfar Athletic F.C."
Q3077308,"Forlì F.C."
Q5290382,"Formby F.C."
Q6502565,"Fort Lauderdale Strikers"
Q2313851,"Fort Lauderdale Strikers"
Q5471479,"Fort Lauderdale Sun"
Q665690,"Fortitudo-Pro Roma S.G.S."
Q854167,"Fortuna Sittard"
Q3631057,"Forza e Coraggio Avezzano"
Q5492264,"Frankston Pines"
Q216131,"Fredrikstad FK"
Q5501053,"Freemantle F.C."
Q549650,"Fremad Amager"
Q5505739,"Frome Town F.C."
Q845043,"Frosinone Calcio"
Q20106615,"Futbol Club Internacional"
Q634829,"G.D. Estoril Praia"
Q3084434,"G.D. Ribeirão"
Q961663,"G.S.F. Giovanni Grion Pola"
Q725332,"GIF Sundsvall"
Q1491327,"Gainsborough Trinity F.C."
Q5519517,"Galáctico Pegaso"
Q13004,"Gansu Tianma F.C."
Q20639125,"Ganz-MÁVAG SE"
Q116332,"Gap FC"
Q18318,"Garforth Town A.F.C."
Q18513,"Gateshead F.C."
Q285722,Gaziantepspor
Q641373,"Gençlerbirliği S.K."
Q5552244,"Germiston Callies F.C."
Q933676,"Gernika Club"
Q2349507,"Getafe CF B"
Q572393,"Getafe Deportivo"
Q926438,"Gil Vicente F.C."
Q48943,"Gillingham F.C."
Q257984,"Gimnàstic de Tarragona"
Q389712,"Gimnástica de Torrelavega"
Q3768519,"Gioventù Brindisi Calcio"
Q773428,"Gisborne City AFC"
Q339596,"Giulianova Calcio"
Q12313977,Gladsaxe-Hero
Q5566676,"Glapwell F.C."
Q5566881,"Glasgow Perthshire F.C."
Q5567162,"Glasshoughton Welfare A.F.C."
Q1130432,"Glenavon F.C."
Q16840060,"Glenbuck Cherrypickers F.C."
Q249533,"Glentoran F.C."
Q188278,"Glossop North End A.F.C."
Q4140000,"Gloucester City A.F.C."
Q18320,"Goole A.F.C."
Q5586588,"Gorleston F.C."
Q8812,"Granada CF"
Q5597919,"Gravesend United F.C."
Q625130,"Grays Athletic F.C."
Q5290543,"Great Harwood Town F.C."
Q5212072,"Great Wakering Rovers F.C."
Q5601515,"Grebbestads IF"
Q867876,"Greenock Morton F.C."
Q5291161,"Greenwich Borough F.C."
Q18515,"Grimsby Town F.C."
Q3093415,"Gruppo Sportivo Calcio Banco di Roma"
Q1192340,"Guangzhou City F.C."
Q130521,"Guangzhou F.C."
Q5615797,"Guildford City F.C."
Q5616667,"Guisborough Town F.C."
Q3788631,"Guizhou F.C."
Q631695,"Guizhou Renhe F.C."
Q16957785,"Gurutzeta KFT"
Q1508540,"Gårda BK"
Q134255,"Górnik Zabrze"
Q318969,"HNK Rijeka"
Q183525,"HNK Trogir"
Q1571078,"Halifax Town A.F.C."
Q19568918,"Halliwell F.C."
Q584858,"Halmstads BK"
Q445051,"Hamborn 07"
Q498473,"Hamilton Academical F.C."
Q460724,"Hammarby Fotboll"
Q986529,"Hapoel Be'er Sheva F.C."
Q761583,"Hapoel Kfar Saba F.C."
Q5212694,"Harlow Town F.C."
Q3127566,"Haro Deportivo"
Q6138819,"Harrow Borough F.C."
Q19592,"Hartlepool United F.C."
Q3623680,"Harwich & Parkeston F.C."
Q5680457,"Hastings United F.C."
Q1110567,Hatayspor
Q2028870,"Havant & Waterlooville F.C."
Q941152,"Haverfordwest County A.F.C."
Q1140139,"Hayes F.C."
Q5687398,"Haywards Heath Town F.C."
Q202093,"Heart of Midlothian F.C."
Q1463828,"Heartland F.C."
Q23463399,"Hebburn Argyle F.C."
Q402038,"Hebei F.C."
Q18293,"Hednesford Town F.C."
Q2835820,"Hellenic F.C."
Q4076084,"Hellín CF"
Q207503,"Helsingborgs IF"
Q208584,"Helsingin Jalkapalloklubi"
Q4497224,"Hendon F.C."
Q18516,"Hereford United F.C."
Q289720,"Herfølge Boldklub"
Q4118930,"Heybridge Swifts F.C."
Q192597,"Hibernian F.C."
Q1617971,"Highlanders F.C."
Q2605637,"Highlands Park F.C."
Q5212669,"Hillingdon Borough F.C."
Q2579105,"Hinckley United F.C."
Q5871864,"Hitchin Town F.C."
Q629300,"Home Farm F.C."
Q2049635,"Hong Kong Rangers FC"
Q4500008,"Hornchurch F.C."
Q1252167,"Horoya AC"
Q2297160,"Houston Hurricane"
Q19473,"Huddersfield Town A.F.C."
Q19477,"Hull City A.F.C."
Q58196856,Hungaria
Q2321833,"Huracán de Tres Arroyos"
Q5946693,"Hurlford United F.C."
Q843097,"Hvidovre IF"
Q18517,"Hyde United F.C."
Q5962715,"Hyvinkään Palloseura"
Q11963,"Hércules CF"
Q399282,"HŠK Zrinjski Mostar"
Q754339,"IF Brommapojkarna"
Q5970920,"IF Warta"
Q201567,"IFK Göteborg"
Q1512147,"IFK Hässleholm"
Q1353661,"IFK Malmö"
Q3146651,"IFK Malmö Fotboll"
Q108001798,"IFK Norrköping FK"
Q538793,"IFK Värnamo"
Q1542525,"IK Grand Bodø"
Q1483030,"IK Oddevold"
Q772310,"IK Sleipner"
Q18295,"Ilkeston F.C."
Q22098039,"Ilkeston Town F.C."
Q21061470,"Ilkeston Town F.C."
Q3149156,"Imolese Calcio 1919"
Q6017581,"Independente Futebol Clube"
Q16848188,"Internapoli F.C."
Q3153884,"Inverness Thistle F.C."
Q2927344,"Invincible Eleven"
Q9653,"Ipswich Town F.C."
Q3804501,"Itaperuna Esporte Clube"
Q1675351,"Ituano Futebol Clube"
Q1132352,"Jacksonville Tea Men"
Q30644987,"Jamshedpur FC"
Q4160534,"Jewish Guild"
Q925648,"Jiangsu F.C."
Q72521,"Johor Darul Takzim F.C."
Q2035444,"Joinville Esporte Clube"
Q1770361,"Jong Ajax"
Q13534332,"Jong PSV"
Q2107075,"Juventus Italia Football Club"
Q931714,"Jönköpings Södra IF"
Q855401,"Júbilo Iwata"
Q685182,"K. Beerschot V.A.C."
Q1423718,"K.A.S. Eupen"
Q210170,"K.F. Tirana"
Q2539148,"K.F.C. Denderleeuw Eendracht Hekelgem"
Q2694024,"K.R.C. Zuid-West-Vlaanderen"
Q221940,"K.S.C. Lokeren Oost-Vlaanderen"
Q849139,"K.S.K. Beveren"
Q1922656,"K.S.K. Tongeren"
Q1053917,"K.S.V. Roeselare"
Q618620,"K.V. Kortrijk"
Q849544,"K.V.C. Westerlo"
Q18232,"KAA Gent"
Q4993837,"KFUMs Boldklub"
Q221702,"KR Reykjavík"
Q819354,"KSV Hessen Kassel"
Q113000,"KV Mechelen"
Q693297,"Kabuscorp S.C."
Q247731,"Kaizer Chiefs F.C."
Q6364704,"Kansas City Comets"
Q771852,"Kansas City Spurs"
Q741382,"Kapfenberger SV"
Q1733992,"Karlstad BK"
Q16932,"Kashima Antlers"
Q844931,"Kashiwa Reysol"
Q874016,"Kawasaki Frontale"
Q608122,Kayserispor
Q18296,"Kendal Town F.C."
Q16842784,"Kerala Blasters FC"
Q1513377,"Kettering Town F.C."
Q159936,"Kickers Offenbach"
Q18518,"Kidderminster Harriers F.C."
Q210961,"Kilmarnock F.C."
Q617049,"King Faisal Babes"
Q2494190,"King's Lynn F.C."
Q1982166,"King's Park F.C."
Q1988619,"Kingstonian F.C."
Q141045,"Kitchee SC"
Q846368,"Knattspyrnudeild UMFG"
Q6421833,"Knebworth F.C."
Q837205,"Kongsvinger IL Toppfotball"
Q513840,Konyaspor
Q690272,"Kremser SC"
Q10513660,"Kuusankosken Kumu"
Q812716,"Kuwait SC"
Q1047535,"Kyoto Sanga FC"
Q1570559,"L'Aquila Calcio 1927"
Q290486,"L'Etoile de Morne-à-l'Eau"
Q845067,"LB Châteauroux"
Q6473663,"Lai Sun F.C."
Q18323,"Lancaster City F.C."
Q8648,"Lanciano Calcio 1920"
Q6489592,"Larkhall Thistle F.C."
Q2373463,"Larne F.C."
Q582370,"Las Rozas CF"
Q2118510,"Latina Calcio 1932"
Q210864,"Le Mans F.C."
Q6508701,"Leadgate Park F.C."
Q2321200,"Leeds City F.C."
Q19481,"Leicester City F.C."
Q6519242,"Leicester United F.C."
Q2082915,"Leigh Genesis F.C."
Q2841225,"Leith Athletic F.C."
Q2539776,"Leones F.C."
Q6533188,"Letchworth F.C."
Q6538141,"Leyton F.C."
Q19595,"Leyton Orient F.C."
Q6538163,"Leytonstone F.C."
Q1822470,"Leça F.C."
Q603633,"Liberty Professionals F.C."
Q725018,"Lierse S.K."
Q1552212,"Limerick F.C."
Q5976634,"Linares Deportivo"
Q18519,"Lincoln City F.C."
Q244472,"Linfield F.C."
Q312360,"Lisburn Distillery F.C."
Q867921,"Livingston F.C."
Q6661255,"Llandudno F.C."
Q291848,"Llanelli A.F.C."
Q1781210,"London XI"
Q1633430,"Londrina E.C."
Q1478917,"Longford Town F.C."
Q6463150,"Lorca Fútbol Club"
Q1156317,"Los Angeles Aztecs"
Q1563972,"Los Angeles Lazers"
Q6682336,"Los Angeles Skyhawks"
Q278416,"Los Angeles Wolves"
Q6686177,"Loughborough United F.C."
Q6692209,"Lovell's Athletic F.C."
Q298333,"Lucchese 1905"
Q479301,"Ludwigsfelder FC"
Q18520,"Luton Town F.C."
Q737937,"Lyn 1896 FK"
Q635654,"Lyngby Boldklub"
Q317934,"Lüneburger SK"
Q954970,M.A.T.E.R.
Q492826,"MKE Ankaragücü"
Q208406,"MTK Budapest FC"
Q611243,"MTV München 1879"
Q876568,"MVV Maastricht"
Q318698,MYPA
Q59773416,"Macarthur FC"
Q2129100,"Maccabi Haifa F.C."
Q426513,"Maccabi Netanya F.C."
Q49711,"Maccabi Petah Tikva F.C."
Q223728,"Maccabi Tel Aviv F.C."
Q18521,"Macclesfield Town F.C."
Q1630850,"Madura United F.C."
Q1764590,"Maidstone United F.C."
Q16844365,"Maidstone United F.C. (1987)"
Q5212954,"Maldon & Tiptree football club"
Q6747305,"Manchester Central F.C."
Q6747467,"Manchester North End F.C."
Q3657272,"Mangotsfield United F.C."
Q128148,Manisaspor
Q18522,"Mansfield Town F.C."
Q1894039,"Marconi Stallions FC"
Q891692,"Margate F.C."
Q4992493,"Marlow F.C."
Q2251415,"Marsala Football Club"
Q6781195,"Maryhill F.C."
Q18298,"Matlock Town F.C."
Q748725,"Melbourne City FC"
Q385971,"Melbourne Hakoah"
Q1638649,"Melbourne Knights Football Club"
Q316789,"Melbourne Victory FC"
Q2183790,"Memphis Rogues"
Q3264440,"Merthyr Town F.C."
Q1519427,"Merthyr Tydfil F.C."
Q587541,"Miami Freedom"
Q2797432,"Miami Toros"
Q6840989,"Mid Rhondda F.C."
Q4994478,"Middelfart Boldklub"
Q769793,"Miedź Legnica"
Q2574668,"Mighty Barrolle"
Q2731294,"Mighty Blackpool F.C."
Q6851109,"Mile Oak Rovers & Youth F.C."
Q19487,"Millwall F.C."
Q248188,"Milton Keynes Dons F.C."
Q1133687,"Minnesota Kicks"
Q13858732,"Minnesota Strikers"
Q8408,"Modena F.C."
Q929697,"Moghreb Atlético Tetuán"
Q3319507,"Molinella Calcio 1911"
Q12254089,"Mondragón CF"
Q737832,"Montevarchi Calcio Aquila 1902"
Q1133645,"Montreal Manic"
Q1133573,"Montreal Olympique"
Q473136,"Montrose F.C."
Q48944,"Morecambe F.C."
Q291163,"Moss FK"
Q18324,"Mossley A.F.C."
Q1526515,"Muangthong United F.C."
Q16845355,"Mumbai City FC"
Q8857,"Málaga CF"
Q917025,"Mérida UD"
Q209640,"MŠK Žilina"
Q462411,"N.K. Zagreb"
Q384850,"NK Domžale"
Q1258871,"NK Hrvatski Dragovoljac"
Q723644,"NK Inter Zaprešić"
Q1981142,"NK Izola"
Q959086,"NK Lokomotiva"
Q1274317,"NK Marsonia"
Q31932,"NK Olimpija Ljubljana"
Q13363064,"NK Olimpija Ljubljana"
Q738876,"NK Osijek"
Q1629342,"NK Zagorje"
Q39290,"NK Čelik Zenica"
Q6957264,"Nacional Atlético Clube"
Q249662,"Nagoya Grampus"
Q3178058,"Napier City Rovers"
Q130576897,"Navia CF (Vigo)"
Q905968,"Neath F.C."
Q6417318,"Needham Market F.C."
Q218074,"Neftchi Baku PFC"
Q2649979,"Nelson F.C."
Q12247491,"Neom Club"
Q7005470,"New Bedford Whalers"
Q291833,"New Brighton A.F.C."
Q4365736,"New Brighton Tower F.C."
Q2365092,"New England Tea Men"
Q9201193,"New York Arrows"
Q646135,"New York Cosmos"
Q13405481,"New York Cosmos"
Q7013484,"New York Express"
Q2710159,"New York Generals"
Q1925589,"New York Giants"
Q748011,"New Zealand Knights FC"
Q7017405,"Newcastle East End F.C."
Q732929,"Newcastle Jets FC"
Q7017442,"Newcastle KB United"
Q10856254,"Newcastle West End F.C."
Q7018390,"Newmains United Community F.C."
Q18523,"Newport County A.F.C."
Q16846085,"Newtongrange Star F.C."
Q856474,"Newtown A.F.C."
Q2726770,"Nithsdale Wanderers F.C."
Q297680,"Nocerina 1910"
Q6417297,"North Greenford United F.C."
Q14884144,"North Jersey Imperials"
Q7056634,"North Shields F.C."
Q2111007,"North Shore United AFC"
Q7057136,"North Village Rams"
Q7057451,"North York Rockets"
Q16840338,"NorthEast United FC"
Q48945,"Northampton Town F.C."
Q1140282,"Northern Fury FC"
Q7058794,"Northern Nomads F.C."
Q1749908,"Northern Spirit FC"
Q7059418,"Northfleet United F.C."
Q18486,"Northwich Victoria F.C."
Q18721,"Norwich City F.C."
Q19598,"Notts County F.C."
Q730213,"Notts Rangers F.C."
Q7064111,"Nova Scotia Clippers"
Q8416,"Novara Calcio"
Q652008,"Novelda CF"
Q18524,"Nuneaton Town F.C."
Q779148,"Nuorese Calcio"
Q635811,"Nykøbing FC"
Q730809,"Nîmes Olympique"
Q6552481,"Nørresundby FB"
Q3347784,"O Elvas C.A.D."
Q719722,"O'Higgins F.C."
Q209619,"OFK Beograd"
Q7073828,"Oakengates Athletic F.C."
Q693512,"Oakland Clippers"
Q1842584,"Oakland Stompers"
Q16838244,"Odisha FC"
Q1961435,"Oklahoma City Slickers"
Q2018179,"Olaria Atlético Clube"
Q19601,"Oldham Athletic A.F.C."
Q1757655,"Olympique Alès"
Q3882141,"Omegna Calcio 1906"
Q687297,"Ontinyent CF"
Q916068,"Orange County Blue Star"
Q650797,"Orihuela Deportiva CF"
Q18328,"Ossett Town F.C."
Q1751307,"Oswestry Town F.C."
Q5213276,"Oxford City F.C."
Q48946,"Oxford United F.C."
Q176371,"PFC CSKA Moscow"
Q1515410,"PFC Pirin Blagoevgrad"
Q54834034,"PFC Sochi"
Q11938,"PSV Eindhoven"
Q7124332,"Paget Rangers F.C."
Q1228331,"Palencia CF"
Q2674,"Palermo F.C."
Q3268410,"Palloseura Kemi Kings"
Q460494,"Panionios F.C."
Q16847168,"Pannaxiakos F.C."
Q7138484,"Parkhead F.C."
Q16962745,"Paro FC"
Q513898,"Parramatta Power"
Q822722,"Partick Thistle F.C."
Q288419,"Pau Football Club"
Q1422177,"Paulista Futebol Clube"
Q967213,"Pawtucket Rangers"
Q7159367,"Pedrabranca Futebol Clube"
Q7160144,"Peebles Rovers F.C."
Q136680236,"Perpignan FC"
Q1630834,"Persib Bandung"
Q852033,"Perth Glory FC"
Q7177988,"Peterborough & Fletton United F.C."
Q19495,"Peterborough United F.C."
Q7182674,"Philadelphia Fever"
Q19577553,"Philadelphia Fury"
Q961300,"Philadelphia Fury"
Q111516,"Phoenix Rising FC"
Q459794,"Piacenza Calcio"
Q617439,"Piemonte FC"
Q1279917,"Pistoiese FC"
Q2325798,"Plateau United F.C."
Q48947,"Plymouth Argyle F.C."
Q19877114,"Point Cook SC"
Q3393891,"Poitiers FC"
Q1091208,"Pol. Monterotondo Lupa"
Q602827,"Police Tebrau F.C."
Q518166,"Polideportivo Ejido"
Q7225722,"Pollok F.C."
Q849271,"Pontevedra CF"
Q16329329,"Pontioi Verias F.C."
Q6418070,"Poole Town F.C."
Q2778613,"Port Glasgow Athletic F.C."
Q48948,"Port Vale F.C."
Q168660,"Portadown F.C."
Q2020235,"Porthmadog F.C."
Q621120,"Portimonense S.C."
Q1138386,"Portland Timbers"
Q1837357,"Portland Timbers"
Q16025275,"Portland Timbers"
Q19604,"Portsmouth F.C."
Q2457991,"Potenza Calcio"
Q18329,"Prescot Cables F.C."
Q253365,"Prestatyn Town F.C."
Q19612,"Preston North End F.C."
Q646596,"Puebla F.C."
Q1525331,"Pune FC"
Q7262776,"Pwllheli F.C."
Q105942616,Q105942616
Q112841080,Q112841080
Q112841087,Q112841087
Q1654823,Q1654823
Q1909326,Q1909326
Q20032615,Q20032615
Q2306167,Q2306167
Q2438284,Q2438284
Q326633,Q326633
Q3626842,Q3626842
Q4005296,Q4005296
Q5409057,Q5409057
Q5773971,Q5773971
Q582342,Q582342
Q61364662,Q61364662
Q61365632,Q61365632
Q826473,Q826473
Q8343694,Q8343694
Q8347095,Q8347095
Q8347106,Q8347106
Q937095,Q937095
Q1051203,"Qatar SC"
Q3866968,"Qingdao F.C."
Q854890,"Queen of the South F.C."
Q852753,"Queen's Park F.C."
Q4245563,"Queensland Lions FC"
Q2108810,"Quick Boys"
Q1431996,"Quimper Kerfeunteun F.C."
Q490586,"R.A.E.C. Mons"
Q3416271,"R.C. Joinville"
Q191843,"R.C. Lens"
Q2062274,"R.O.C. de Charleroi-Marchienne"
Q187528,"R.S.C. Anderlecht"
Q2311865,"RC Celta Fortuna"
Q1271664,"RC Roubaix"
Q32537,"RCD Espanyol B"
Q2039916,RCH
Q24699,"RKC Waalwijk"
Q3098282,"Racing Club Portuense"
Q12236,"Racing de Santander"
Q18330,"Radcliffe F.C."
Q18487,"Rainworth Miners Welfare F.C."
Q1046939,"Raith Rovers F.C."
Q7286915,"Raleigh Express"
Q2380586,"Ramsgate F.C."
Q19597,"Rangers F.C."
Q7292789,"Rangers F.C."
Q3019930,"Rayo Cantabria"
Q10300,"Rayo Vallecano"
Q18729,"Reading F.C."
Q720872,"Real Avilés CF"
Q2698432,"Real Betis B"
Q543446,"Real Burgos CF"
Q3930980,"Real Cerretese"
Q1102998,"Real Club España"
Q837183,"Real Jaén"
Q1246437,"Real Madrid C"
Q6101985,"Real Madrid Juvenil"
Q12230,"Real Murcia"
Q743240,"Real Murcia Imperial"
Q3331395,"Real Oviedo Vetusta"
Q10315,"Real Sociedad"
Q726810,"Real Unión"
Q10319,"Real Valladolid"
Q7301102,"Real Valladolid B"
Q10308,"Real Zaragoza"
Q7301187,"Real Ávila CF"
Q12249,"Recreativo de Huelva"
Q541744,"Red Bull Bragantino"
Q2962908,"Redbridge F.C."
Q1387562,"Renton F.C."
Q595516,"Rhyl F.C."
Q289713,"Rimini FC"
Q7335016,"Ringwood City"
Q622432,"Rio Ave F.C."
Q853508,RoPS
Q48949,"Rochdale A.F.C."
Q6414823,"Roman Glass St George F.C."
Q5424636,"Romford F.C."
Q5290448,"Rossendale United F.C."
Q170125,"Rot Weiss Ahlen"
Q157020,"Rot-Weiß Oberhausen"
Q2612665,"Rotherham County F.C."
Q18217171,"Rotherham Town F.C."
Q2154477,"Rotherham Town F.C."
Q48950,"Rotherham United F.C."
Q7373644,"Royal Albert F.C."
Q732002,"Royal Antwerp F.C."
Q19585,"Royal Charleroi S.C."
Q9323399,"Rozwój Katowice"
Q170040,"Rubin Kazan"
Q7378249,"Rugby Town F.C."
Q4389931,"Runcorn F.C. Halton"
Q1138515,"Rushden & Diamonds F.C."
Q688300,"S.C. Beira-Mar"
Q75684,"S.C. Braga"
Q630227,"S.C. Campomaiorense"
Q744353,"S.C. Farense"
Q1031307,"S.C. Freamunde"
Q1349814,"S.C. Ravenna Sport"
Q1754163,"S.C. Salgueiros"
Q963110,"S.E.F. Torres 1903"
Q3094781,"S.G. Gallaratese A.S.D."
Q131499,"S.L. Benfica"
Q7387221,"S.L. Benfica B"
Q918146,"S.P. La Fiorita"
Q297430,"S.S. Arezzo"
Q6748,"S.S. Juve Stabia"
Q3963603,"S.S. Juvenes"
Q525573,"S.S. Murata"
Q950089,"S.S. Racing Club Fondi"
Q3963742,"S.S. Romulea"
Q1132621,"S.S. Scafatese Calcio 1922"
Q2524107,"S.S. Teramo Calcio"
Q3659833,"S.S.D. Calcio San Donà"
Q4014613,"S.S.D. Casarano Calcio"
Q3625862,"S.S.D. Group Città di Castello"
Q3808103,"S.S.D. Jesina Calcio"
Q1968424,"S.S.D. Massese"
Q15140971,"S.S.D. Puteolana 1902 Internapoli"
Q376635,"S.V. Zulte Waregem"
Q219233,"SBV Vitesse"
Q208399,"SC Bastia"
Q1293144,"SC Eendracht Aalst"
Q200321,"SC Heerenveen"
Q320541,"SC Herford"
Q316865,"SC Preußen Münster"
Q940001,"SC Sétois"
Q1071713,"SC Telstar"
Q648382,"SC Veendam"
Q666036,"SC Westfalia Herne"
Q1065084,"SCD Durango"
Q515516,"SD Amorebieta"
Q3963253,"SD Balmaseda FC"
Q913083,"SD Beasain"
Q929753,"SD Compostela"
Q5857189,"SD Deusto"
Q770740,"SD Eibar"
Q668243,"SD Eibar B"
Q910711,"SD Erandio Club"
Q912844,"SD Indautxu"
Q7389520,"SD Lagunak"
Q2611377,"SD Laredo"
Q754699,"SD Leioa"
Q2006217,"SD Lemona"
Q847105,"SD Logroñés"
Q3933827,"SD Retuerto Sport"
Q3323820,"SD San Pedro"
Q6130825,"SD Unión Club"
Q2206110,"SG Union Solingen"
Q524378,"SG Wattenscheid 09"
Q935298,"SK Haugar"
Q2529867,"SK Vard Haugesund"
Q115476719,"SL16 FC"
Q289029,"SSC Ancona"
Q318080,"STV Horst-Emscher"
Q3494142,"SU Agen Football"
Q874360,"SV 1919 Bernbach"
Q819623,"SV Blau Weiss Berlin"
Q263320,"SV Mattersburg"
Q639525,"SV Sandhausen"
Q175616,"SV Seligenporten"
Q3099791,"Sabah F.C."
Q1051238,"Sagan Tosu"
Q1369461,Sakaryaspor
Q3526066,"San Antonio Thunder"
Q847077,"San Fernando Island Sports Club S.A.D"
Q4006951,"San Frediano Rondinella S.S."
Q18420450,"San Giovanni Trieste"
Q1095113,"San Jose Earthquakes"
Q742685,"San Marino Calcio"
Q2053643,"Sandefjord BK"
Q861524,"Sandefjord Fotball"
Q7419216,"Santa Barbara Condors"
Q958536,"Santiago National"
Q389900,"Santutxu FC"
Q1933473,"Sarıyer G.K."
Q2158769,"Savoia 1908 FC"
Q1681805,"Savona F.B.C."
Q1237961,"Scarborough F.C."
Q19615,"Scunthorpe United F.C."
Q2164267,"Sea Bee"
Q2091731,"Seattle Sounders"
Q2056983,"Seattle Storm"
Q2522173,"Seiko SA"
Q1835695,"Selangor F.C."
Q7447562,"Selby Town F.C."
Q31660,"Sepahan F.C."
Q579901,"Sestao River Club"
Q1032444,"Sestao Sport Club"
Q950835,"Sevilla Atlético"
Q424943,"Shabab AlAhli Dubai Club"
Q203976,"Shamrock Rovers F.C."
Q1046367,"Shandong Taishan F.C."
Q564216,"Shanghai Port F.C."
Q725367,"Shanghai Shenhua F.C."
Q286801,"Sharjah FC"
Q19607,"Sheffield United F.C."
Q19498,"Sheffield Wednesday F.C."
Q394474,"Shelbourne F.C."
Q1139956,"Shenzhen F.C."
Q7494568,"Sheppey United F.C."
Q7496635,"Shildon A.F.C."
Q823384,"Shimizu S-Pulse"
Q18162260,"Shirebrook Miners Welfare F.C."
Q19626,"Shrewsbury Town F.C."
Q2756,"Siena FC"
Q138248,"Sint-Truidense V.V."
Q5213294,"Sittingbourne F.C."
Q18462,"Skelmersdale United F.C."
Q1779077,"Skövde AIK"
Q1289495,"Sliema Wanderers F.C."
Q2306118,"Slough Town F.C."
Q11971,"Sociedad Deportiva Huesca"
Q12168,"Sociedad Deportiva Ponferradina"
Q375697,"Sociedade Esportiva do Gama"
Q3963306,"Società Calcio Leffe"
Q3963479,"Società Sportiva Calcio Campania"
Q104860040,"Sodupe UC"
Q571158,"Sogndal Fotball"
Q9211155,"Sollentuna United FF"
Q7566234,"South Bank F.C."
Q1140533,"South China AA"
Q7566867,"South Coast United"
Q7567831,"South Liverpool F.C."
Q5213765,"South Shields F.C."
Q5213477,"Southall F.C."
Q18732,"Southampton F.C."
Q48951,"Southend United F.C."
Q7569724,"Southern California Lazers"
Q1437356,"Southern United FC"
Q18525,"Southport F.C."
Q3163786,"SpVgg Blau-Weiß 1890 Berlin"
Q158121,"SpVgg Unterhaching"
Q209895,"Sparta Rotterdam"
Q29112,"Spartak Moscow"
Q7579313,"Sport Club Barueri"
Q219098,"Sport Club do Recife"
Q3494112,"Sporting CP B"
Q919762,"Sporting Club Lyon"
Q3494093,"Sporting Club Nimes"
Q1056987,"Sporting Toulon Var"
Q12278,"Sporting de Gijón"
Q2982210,"Sporting de Gijón B"
Q602515,"Sportivo Luqueño"
Q2980011,"Sportivo Trinidense"
Q509170,"Sportkring Beveren"
Q2585894,"St Albans City F.C."
Q5214032,"St Helens Town A.F.C."
Q1987862,"St James's Gate F.C."
Q268776,"St Johnstone F.C."
Q5214292,"St Neots Town F.C."
Q394452,"St Patrick's Athletic F.C."
Q7595426,"St Roch's F.C."
Q2032836,"St. Bernard's F.C."
Q967597,"St. Catharines Wolves"
Q3077214,"St. George Saints Football Club"
Q7589535,"St. Leonards F.C."
Q319136,"St. Mirren F.C."
Q217233,"Stabæk Fotball"
Q193377,"Stade Malherbe Caen"
Q18304,"Stafford Rangers F.C."
Q2511419,"Staines Town F.C."
Q1849964,"Stalybridge Celtic F.C."
Q7597342,"Stalybridge Rovers F.C."
Q18492,"Stamford A.F.C."
Q190561,"Standard Liège"
Q16850798,"Stanley United F.C."
Q1897533,"Stella Club d'Adjamé"
Q9426,"Stevenage F.C."
Q7615444,"Stevenage Town F.C."
Q282126,"Stirling Albion F.C."
Q18526,"Stockport County F.C."
Q5290157,"Stockport Sports F.C."
Q18305,"Stocksbridge Park Steels F.C."
Q7618228,"Stockton F.C."
Q18736,"Stoke City F.C."
Q1090661,"Stranraer F.C."
Q18128453,"Strathclyde F.C."
Q222074,"Strømmen IF"
Q7482049,"Strømsgodset TF"
Q7633536,"Sudbury Town F.C."
Q1354077,"Sun Hei SC"
Q765616,"Sundbybergs IK"
Q18493,"Sutton Coldfield Town F.C."
Q7650326,"Sutton Town A.F.C."
Q2454929,"Sutton United F.C."
Q3506172,"Suzzara Calcio 2000"
Q18659,"Swansea City A.F.C."
Q19634,"Swindon Town F.C."
Q330143,"Sydney FC"
Q7659920,"Sydney FC Prague"
Q782658,"Sydney Olympic FC"
Q557103,"São Bernardo Futebol Clube"
Q16637410,"TSG 1899 Hoffenheim II"
Q828338,"TSV 1861 Nördlingen"
Q2385075,"TSV Chemie Premnitz"
Q2290788,"Talavera CF"
Q18527,"Tamworth F.C."
Q29400,"Taranto Sport"
Q3283867,"Telford United F.C."
Q8623,"Ternana Calcio"
Q3627186,"Terracina Calcio 1925"
Q2608562,"Thames A.F.C."
Q2932874,"Thames Ironworks F.C."
Q390183,"The New Saints F.C."
Q531108,"Third Lanark A.C."
Q1525574,"Thrasyvoulos F.C."
Q4384426,"Thurrock F.C."
Q537552,"Tianjin Jinmen Tiger F.C."
Q552880,"Tianjin Tianhai F.C."
Q1023235,"Tiburones Rojos de Veracruz"
Q7804600,"Timbaúba Futebol Clube"
Q7809016,"Tipton Town F.C."
Q162923,"Tiro Federal"
Q1440594,"Tobago United F.C."
Q3997037,"Tobermore United F.C."
Q9088182,"Tomelloso CF"
Q2610953,"Ton Pentre F.C."
Q2564389,"Tonbridge Angels F.C."
Q1324370,"Tonnerre Yaoundé"
Q5213308,"Tooting & Mitcham United F.C."
Q13404889,"Toronto Blizzard"
Q1575615,"Toronto Blizzard"
Q2506760,"Toronto City"
Q1133584,"Toronto Falcons"
Q47965,"Torquay United F.C."
Q1536090,"Torslanda IK"
Q943132,"Total Chalaco"
Q822021,"Tours FC."
Q7829512,"Tow Law Town A.F.C."
Q192641,Trabzonspor
Q19637,"Tranmere Rovers F.C."
Q2453318,"Transport F.C."
Q3312620,"Trasandino de Los saldes"
Q24938121,"Trastevere Calcio"
Q638882,"Trento Calcio 1921"
Q611222,"Treviso F.B.C. 1993"
Q212490,"Tromsø IL"
Q2273722,"Tulsa Roughnecks"
Q5291139,"Tunbridge Wells F.C."
Q7862175,"Tårnby Boldklub"
Q4004788,"U.C. Montecchio Maggiore"
Q211401,"U.D. Leiria"
Q298217,"U.S. Avellino 1912"
Q4005045,"U.S. Canzese"
Q1056821,"U.S. Città di Pontedera S.S.D."
Q1328077,"U.S. Fiumana"
Q323783,"U.S. Folgore Caratese A.S.D."
Q1416763,"U.S. Gavorrano"
Q6721,"U.S. Grosseto 1912"
Q2415539,"U.S. Olbia 1905"
Q4005295,"U.S. Opitergina"
Q4005336,"U.S. Palmese 1912"
Q4005375,"U.S. Russi"
Q847587,"U.S. Salernitana 1919"
Q1064102,"U.S. Sestri Levante"
Q28195113,"U.S. Siracusa"
Q4005541,"U.S. Vigor Senigallia"
Q1637277,"U.S.D. 1913 Seregno Calcio"
Q4005116,"U.S.D. Recanatese 1923"
Q1509669,"UB Conquense"
Q1091462,"UD Alzira"
Q1648770,"UD Aretxabaleta"
Q2345557,"UD Fraga"
Q11979,"UD Las Palmas"
Q7864280,"UD Las Palmas Atlético"
Q3328717,"UD Los Palacios"
Q2298585,"UD Marbella"
Q2300929,"UD Pájara Playas de Jandía"
Q697353,"UD Salamanca"
Q21039376,"UD San Pedro"
Q2220788,"UDA Gramenet"
Q3752096,"UDC Chantrea"
Q742953,"UE Figueres"
Q837218,"UE Lleida"
Q2297920,"UE Sants"
Q7864446,"UE Tàrrega"
Q6156917,"UE Valls"
Q112840839,"UFB Jàbac i Terrassa"
Q2868212,"UFM Monfalcone"
Q528226,"UJA Maccabi Paris Métropole"
Q16348,"US Alessandria Calcio 1912"
Q309400,"US Boulogne"
Q1512790,"US Fiorenzuola 1922"
Q3736170,"US Joué-lès-Tours"
Q6767,"US Livorno 1915"
Q1573081,"US Marocaine Casablanca"
Q369349,"US Orléans"
Q13381,"US Triestina Calcio 1918"
Q4005298,"USD Osimana"
Q3274170,"USM Bel-Abbès"
Q958008,"Umm Salal SC"
Q4004981,"Unione Sportiva Altamura"
Q501372,"Unione Sportiva Catanzaro"
Q4005339,"Unione Sportiva Peloro"
Q1521598,"University-Mount Wellington"
Q7896870,"União Futebol Clube"
Q2329137,"União São João E.C."
Q10407,"Unión Deportiva Almería"
Q1129059,"Unión Española"
Q2031920,"Unión Magdalena"
Q1190065,"Unión Popular de Langreo"
Q218883,"Urawa Red Diamonds"
Q3572364,"Utebo FC"
Q7903261,"Utsiktens BK"
Q731715,"VSE St. Pölten"
Q1837832,"VV Bedum"
Q7907662,"VV Noordwijk"
Q7909386,"Valdemarsviks IF"
Q3626999,"Valdinievole Montecatini"
Q7909546,"Vale of Leithen F.C."
Q1387817,"Vale of Leven F.C."
Q918044,"Valencia CF Mestalla"
Q212269,"Valenciennes F.C."
Q2304084,"Valenzana Mado"
Q4004986,"Valle d'Aosta Calcio"
Q597715,Valur
Q1090574,"Vancouver Whitecaps"
Q737936,"Vejle Boldklub"
Q539622,"Venados de Yucatán"
Q501245,"Venezia F.C."
Q479306,"VfB Hüls"
Q665920,"VfB Lübeck"
Q379681,"VfB Mödling"
Q1380971,"Viareggio Calcio"
Q8643,"Vicenza Calcio"
Q1628616,"Vigevano Calcio"
Q1094113,"Villarreal CF B"
Q3321644,"Villarreal CF C"
Q3818766,"Vinaròs CF"
Q2276413,"Virtus Entella"
Q2414604,"Vis Pesaro dal 1898"
Q844271,"Vissel Kobe"
Q208585,"Vitória F.C."
Q223450,"Vitória S.C."
Q17518847,"Vitória S.C. B"
Q2553450,"Volta Redonda Futebol Clube"
Q16966634,"Västerås IK"
Q1680249,"Västerås SK Fotboll"
Q686659,"WSG Tirol"
Q1966238,"Wadi Degla SC"
Q7960007,"Waikato United"
Q1788968,"Wallidan F.C."
Q19644,"Walsall F.C."
Q7966626,"Walthamstow Avenue F.C."
Q5213670,"Walton & Hersham F.C."
Q18466,"Warrington Town F.C."
Q1190526,"Washington Diplomats"
Q2511604,"Washington Whips"
Q394466,"Waterford United F.C."
Q2714,"Watford F.C."
Q9437,"Wealdstone F.C."
Q955872,"Welling United F.C."
Q5330625,"Wellingborough Town F.C."
Q5330813,"Wellingborough Whitworth F.C."
Q1813969,"Welshpool Town F.C."
Q890769,"Wembley F.C."
Q7983568,"Werribee City football club"
Q2185176,"West Adelaide Soccer Club"
Q18744,"West Bromwich Albion F.C."
Q7987801,"Western Eagles"
Q999035,"Western Sydney Wanderers FC"
Q2343389,"Weston-super-Mare A.F.C."
Q599356,"Weymouth F.C."
Q9201578,"Wichita Wings"
Q696468,"Wiener A.F."
Q18750,"Wigan Athletic F.C."
Q1783104,"Wigan Borough F.C."
Q332664,"Willem II"
Q8021987,"Willington A.F.C."
Q19482,"Wimbledon F.C."
Q5330069,"Windsor & Eton F.C."
Q8024708,"Windsor Stars"
Q6138873,"Wingate & Finchley F.C."
Q5213266,"Winsford United F.C."
Q6417811,"Wisbech Town F.C."
Q190943,"Wisła Kraków"
Q18307,"Witton Albion F.C."
Q8029340,"Wokingham & Emmbrook F.C."
Q5506276,"Woodford Town F.C."
Q1882874,"Worcester City F.C."
Q555635,"Workington A.F.C."
Q18308,"Worksop Town F.C."
Q819419,"Wormatia Worms"
Q2676506,"Worthing F.C."
Q18529,"Wrexham A.F.C."
Q170157,"Wuppertaler SV"
Q48953,"Wycombe Wanderers F.C."
Q8040085,"Wynberg St Johns"
Q566187,"Würzburger FV"
Q750437,"Xanthi F.C."
Q12308,"Xerez C.D."
Q1465923,"Xerez FC"
Q2219963,XerxesDZB
Q3788423,"Xinjiang Tianshan Leopard F.C."
Q3913642,"Yate Town F.C."
Q2602316,"Yeclano Deportivo"
Q19651,"Yeovil Town F.C."
Q854932,"Yokohama F. Marinos"
Q1368488,"Yokohama Flügels"
Q48954,"York City F.C."
Q123344481,"Young Survivors"
Q140497,"Zagłębie Lubin"
Q955888,"Zalla UC"
Q544120,"Zamora CF"
Q913112,"Zarautz KE"
Q79380,"Zhejiang Professional F.C."
Q217977,"Znicz Pruszków"
Q530463,"Zug 94"
Q704857,"gil paja"
Q290881,"Águilas CF"
Q273417,"Écija Balompié"
Q290481,"Étoile Fréjus Saint-Raphaël"
Q290505,"Étoile Sportive Malley"
Q291716,"Íþróttabandalag Vestmannaeyja"
Q260559,"Örebro SK"
Q297906,"Örgryte IS"
Q11903335,"Örgryte IS Fotboll"
Q24909,"Østerbros Boldklub"
Q343030,"Ħamrun Spartans F.C."
Q857938,"İstanbul Başakşehir F.K."
Q107222614,"ŁKS Goczałkowice-Zdrój"
Q8083570,"ŽAK Subotica"
